<?xml version="1.0" encoding="UTF-8"?>
<sitecatalog xmlns="http://pegasus.isi.edu/schema/sitecatalog" xmlns:xsi="http://www.w3.org/2001/XMLSchema-instance"
    xsi:schemaLocation="http://pegasus.isi.edu/schema/sitecatalog http://pegasus.isi.edu/schema/sc-4.0.xsd" version="4.0">

    <!-- The local site contains information about the submit host -->
    <site handle="local">
        <!-- This is where intermediate data will be stored -->
        <directory type="shared-scratch" path="/home/tutorial/split-workflow/scratch">
            <file-server operation="all" url="file:///home/tutorial/split-workflow/scratch"/>
        </directory>
        <!-- This is where output data will be stored -->
        <directory type="shared-storage" path="/home/tutorial/split-workflow/output">
            <file-server operation="all" url="file:///home/tutorial/split-workflow/output"/>
        </directory>
    </site>

    <site handle="condorpool" arch="x86_64" os="LINUX">
        <!-- These profiles tell Pegasus that the site is a plain Condor pool -->
        <profile namespace="pegasus" key="style">condor</profile>
        <profile namespace="condor" key="universe">vanilla</profile>



    </site>
</sitecatalog>